StartDate,EndDate,Status,IPAddress,Progress,Duration (in seconds),Finished,RecordedDate,ResponseId,RecipientLastName,RecipientFirstName,RecipientEmail,ExternalReference,LocationLatitude,LocationLongitude,DistributionChannel,UserLanguage,Q70,1-1,QID10,11-1,QID50,6,QID30,7-1,QID34,8-1,QID38,14,QID62,12-1,QID54,26,QID110,13-1,QID58,15-1,QID66,20-1,QID86,25-1,QID106,27-1,QID114,SC0,SC9,uid,phase,task,t
Start Date,End Date,Response Type,IP Address,Progress,Duration (in seconds),Finished,Recorded Date,Response ID,Recipient Last Name,Recipient First Name,Recipient Email,External Data Reference,Location Latitude,Location Longitude,Distribution Channel,User Language,Experimenter type in participant number.,"Was the second tune the same melody as the first, despite being played at a different pitch?",How sure are you about this answer?,"Was the second tune the same melody as the first, despite being played at a different pitch?",How sure are you about this answer?,"Was the second tune the same melody as the first, despite being played at a different pitch?",How sure are you about this answer?,"Was the second tune the same melody as the first, despite being played at a different pitch?",How sure are you about this answer?,"Was the second tune the same melody as the first, despite being played at a different pitch?",How sure are you about this answer?,"Was the second tune the same melody as the first, despite being played at a different pitch?",How sure are you about this answer?,"Was the second tune the same melody as the first, despite being played at a different pitch?",How sure are you about this answer?,"Was the second tune the same melody as the first, despite being played at a different pitch?",How sure are you about this answer?,"Was the second tune the same melody as the first, despite being played at a different pitch?",How sure are you about this answer?,"Was the second tune the same melody as the first, despite being played at a different pitch?",How sure are you about this answer?,"Was the second tune the same melody as the first, despite being played at a different pitch?",How sure are you about this answer?,"Was the second tune the same melody as the first, despite being played at a different pitch?",How sure are you about this answer?,"Was the second tune the same melody as the first, despite being played at a different pitch?",How sure are you about this answer?,Grade,gmsi_mem,uid,phase,task,t
"{""ImportId"":""startDate"",""timeZone"":""America/Denver""}","{""ImportId"":""endDate"",""timeZone"":""America/Denver""}","{""ImportId"":""status""}","{""ImportId"":""ipAddress""}","{""ImportId"":""progress""}","{""ImportId"":""duration""}","{""ImportId"":""finished""}","{""ImportId"":""recordedDate"",""timeZone"":""America/Denver""}","{""ImportId"":""_recordId""}","{""ImportId"":""recipientLastName""}","{""ImportId"":""recipientFirstName""}","{""ImportId"":""recipientEmail""}","{""ImportId"":""externalDataReference""}","{""ImportId"":""locationLatitude""}","{""ImportId"":""locationLongitude""}","{""ImportId"":""distributionChannel""}","{""ImportId"":""userLanguage""}","{""ImportId"":""QID683_TEXT""}","{""ImportId"":""QID118""}","{""ImportId"":""QID119""}","{""ImportId"":""QID158""}","{""ImportId"":""QID159""}","{""ImportId"":""QID138""}","{""ImportId"":""QID139""}","{""ImportId"":""QID142""}","{""ImportId"":""QID143""}","{""ImportId"":""QID146""}","{""ImportId"":""QID147""}","{""ImportId"":""QID170""}","{""ImportId"":""QID171""}","{""ImportId"":""QID162""}","{""ImportId"":""QID163""}","{""ImportId"":""QID218""}","{""ImportId"":""QID219""}","{""ImportId"":""QID166""}","{""ImportId"":""QID167""}","{""ImportId"":""QID174""}","{""ImportId"":""QID175""}","{""ImportId"":""QID194""}","{""ImportId"":""QID195""}","{""ImportId"":""QID214""}","{""ImportId"":""QID215""}","{""ImportId"":""QID222""}","{""ImportId"":""QID223""}","{""ImportId"":""SC1""}","{""ImportId"":""SC10""}","{""ImportId"":""uid""}","{""ImportId"":""phase""}","{""ImportId"":""task""}","{""ImportId"":""t""}"
2018-02-25 20:19:53,2018-02-25 20:26:22,IP Address,167.96.103.99,100,388,True,2018-02-25 20:26:23,R_3JK1CPathaeKqvH,,,,,30.404998779297,-91.186798095703,anonymous,EN,999,Different,I'm totally sure,Same,I'm totally sure,Different,I think so,Different,I think so,Different,I'm totally sure,Same,I think so,Same,I think so,Different,I think so,Same,I think so,Same,I'm totally sure,Different,I'm totally sure,Different,I'm totally sure,Same,I'm totally sure,7,7,,,,1
2018-02-26 15:58:39,2018-02-26 16:05:19,IP Address,167.96.123.72,100,399,True,2018-02-26 16:05:19,R_3CDXN3bLoFwkCun,,,,,30.404998779297,-91.186798095703,anonymous,EN,1,Same,I think so,Same,I think so,Different,I'm totally sure,Different,I think so,Different,I'm totally sure,Same,I think so,Different,I'm totally sure,Same,I think so,Different,I think so,Different,I'm totally sure,Same,I think so,Different,I think so,Different,I'm totally sure,8,8,,,,1
2018-02-27 09:43:38,2018-02-27 09:50:00,IP Address,167.96.123.72,100,381,True,2018-02-27 09:50:00,R_tRvlxj9NUunHVvz,,,,,30.404998779297,-91.186798095703,anonymous,EN,2,Different,I'm guessing,Same,I think so,Different,I'm totally sure,Different,I think so,Different,I'm totally sure,Same,I'm guessing,Same,I think so,Same,I think so,Different,I think so,Different,I'm totally sure,Same,I'm totally sure,Different,I think so,Different,I think so,10,10,,,,1
2018-02-27 13:55:59,2018-02-27 14:01:39,IP Address,167.96.123.72,100,340,True,2018-02-27 14:01:40,R_3kzT0ZZKicMVPv3,,,,,30.404998779297,-91.186798095703,anonymous,EN,7003,Different,I'm totally sure,Different,I'm totally sure,Different,I'm totally sure,Different,I'm totally sure,Different,I think so,Same,I'm totally sure,Different,I think so,Different,I'm totally sure,Same,I think so,Different,I'm totally sure,Same,I'm totally sure,Same,I'm totally sure,Different,I'm totally sure,9,9,,,,1
2018-02-27 17:05:43,2018-02-27 17:12:20,IP Address,167.96.123.72,100,396,True,2018-02-27 17:12:20,R_115gBJqXePqNL1W,,,,,30.404998779297,-91.186798095703,anonymous,EN,4,Same,I think so,Same,I think so,Different,I'm totally sure,Same,I think so,Different,I'm totally sure,Same,I think so,Same,I think so,Different,I'm totally sure,Different,I think so,Different,I'm totally sure,Same,I think so,Different,I think so,Different,I'm totally sure,9,9,,,,1
2018-02-28 13:35:00,2018-02-28 13:41:34,IP Address,167.96.12.5,100,393,True,2018-02-28 13:41:34,R_1dylNTxhK3uztfZ,,,,,30.404998779297,-91.186798095703,anonymous,EN,5,Different,I'm totally sure,Same,I'm totally sure,Different,I'm totally sure,Same,I'm totally sure,Different,I'm totally sure,Same,I'm totally sure,Same,I'm totally sure,Different,I'm totally sure,Same,I'm totally sure,Different,I'm totally sure,Different,I'm totally sure,Same,I'm totally sure,Different,I'm totally sure,11,11,,,,1
2018-02-28 14:57:47,2018-02-28 15:04:08,IP Address,167.96.12.5,100,381,True,2018-02-28 15:04:09,R_1M4jCt3FOMz1ZaP,,,,,30.404998779297,-91.186798095703,anonymous,EN,6,Different,I think so,Different,I think so,Different,I'm totally sure,Different,I'm totally sure,Different,I'm totally sure,Same,I think so,Same,I think so,Same,I think so,Same,I think so,Different,I think so,Same,I think so,Different,I think so,Different,I'm totally sure,10,10,,,,1
2018-03-01 14:22:33,2018-03-01 14:29:05,IP Address,130.39.235.70,100,392,True,2018-03-01 14:29:06,R_3IVSgeT22oP9NDt,,,,,30.404998779297,-91.186798095703,anonymous,EN,201,Same,I think so,Different,I think so,Same,I think so,Same,I'm totally sure,Same,I'm totally sure,Same,I'm totally sure,Different,I'm totally sure,Same,I think so,Same,I think so,Same,I'm totally sure,Different,I think so,Same,I'm totally sure,Different,I'm totally sure,6,6,,,,1
2018-03-02 08:45:22,2018-03-02 08:51:44,IP Address,167.96.11.225,100,382,True,2018-03-02 08:51:45,R_Wdk0oP4ocIWFipP,,,,,30.404998779297,-91.186798095703,anonymous,EN,7,Different,I'm totally sure,Same,I'm totally sure,Different,I'm totally sure,Same,I'm totally sure,Different,I'm totally sure,Different,I'm totally sure,Same,I think so,Same,I think so,Different,I think so,Different,I'm totally sure,Different,I'm totally sure,Different,I think so,Different,I'm totally sure,9,9,,,,1
2018-03-02 14:07:01,2018-03-02 14:13:03,IP Address,167.96.125.0,100,361,True,2018-03-02 14:13:03,R_3IcReWqHjWACdCX,,,,,30.404998779297,-91.186798095703,anonymous,EN,8,Different,I think so,Same,I'm totally sure,Different,I'm totally sure,Different,I think so,Different,I'm totally sure,Same,I'm totally sure,Same,I'm totally sure,Different,I think so,Same,I'm totally sure,Different,I think so,Same,I think so,Different,I think so,Different,I'm totally sure,10,10,,,,1
2018-03-05 14:37:07,2018-03-05 14:43:32,IP Address,167.96.73.243,100,385,True,2018-03-05 14:43:33,R_UXDZUEDGLOoz2a5,,,,,30.404998779297,-91.186798095703,anonymous,EN,9,Different,I'm totally sure,Same,I think so,Different,I'm guessing,Same,I'm totally sure,Different,I'm totally sure,Different,I think so,Same,I'm totally sure,Same,I'm totally sure,Same,I'm totally sure,Different,I'm totally sure,Same,I'm totally sure,Different,I think so,Different,I'm totally sure,11,11,,,,1
2018-03-05 16:05:30,2018-03-05 16:11:13,IP Address,167.96.73.243,100,342,True,2018-03-05 16:11:13,R_1hQowVq9n03GW1H,,,,,30.404998779297,-91.186798095703,anonymous,EN,10,Different,I'm totally sure,Different,I'm totally sure,Different,I'm totally sure,Same,I think so,Same,I'm totally sure,Different,I'm totally sure,Different,I'm totally sure,Same,I'm totally sure,Same,I think so,Different,I'm totally sure,Same,I'm totally sure,Same,I'm totally sure,Different,I'm totally sure,9,9,,,,1
2018-03-05 17:59:49,2018-03-05 18:05:56,IP Address,167.96.73.243,100,366,True,2018-03-05 18:05:56,R_2tKiKOVKQeU4yzx,,,,,30.404998779297,-91.186798095703,anonymous,EN,11,Same,I think so,Same,I think so,Different,I think so,Different,I think so,Same,I think so,Same,I think so,Same,I think so,Different,I think so,Different,I think so,Same,I'm totally sure,Same,I think so,Same,I think so,Different,I'm totally sure,7,7,,,,1
2018-03-06 13:40:56,2018-03-06 13:47:47,IP Address,130.39.235.70,100,410,True,2018-03-06 13:47:47,R_VOIaqjuQxduDgIN,,,,,30.404998779297,-91.186798095703,anonymous,EN,202,Different,I'm totally sure,Same,I think so,Same,I'm totally sure,Different,I think so,Different,I'm totally sure,Different,I'm guessing,Same,I think so,Different,I'm totally sure,Different,I think so,Different,I'm totally sure,Different,I'm totally sure,Different,I'm totally sure,Same,I'm totally sure,5,5,,,,1
2018-03-06 14:47:00,2018-03-06 14:53:24,IP Address,130.39.235.70,100,383,True,2018-03-06 14:53:24,R_2Uh0XlXtK7LNG1r,,,,,30.404998779297,-91.186798095703,anonymous,EN,203,Different,I think so,Same,I think so,Same,I'm guessing,Different,I'm totally sure,Different,I think so,Same,I'm totally sure,Same,I'm totally sure,Same,I think so,Different,I'm guessing,Different,I'm guessing,Different,I think so,Same,I think so,Same,I think so,8,8,,,,1
2018-03-07 11:58:05,2018-03-07 12:04:48,IP Address,130.39.235.70,100,402,True,2018-03-07 12:04:48,R_2Vfrj8FZu789kfy,,,,,30.404998779297,-91.186798095703,anonymous,EN,204,Different,I'm totally sure,Same,I'm totally sure,Different,I'm totally sure,Same,I'm totally sure,Same,I'm totally sure,Same,I think so,Different,I think so,Same,I'm totally sure,Same,I'm guessing,Same,I think so,Same,I'm totally sure,Same,I'm totally sure,Same,I'm totally sure,9,9,,,,1
2018-03-07 13:34:41,2018-03-07 13:41:56,IP Address,130.39.235.70,100,434,True,2018-03-07 13:41:56,R_3iEw1SmILb7Mk8m,,,,,30.404998779297,-91.186798095703,anonymous,EN,205,Different,I'm totally sure,Same,I think so,Different,I'm totally sure,Different,I'm totally sure,Different,I'm totally sure,Same,I think so,Same,I think so,Same,I think so,Same,I'm totally sure,Different,I'm totally sure,Same,I think so,Same,I think so,Different,I'm totally sure,12,12,,,,1
2018-03-07 15:09:18,2018-03-07 15:15:45,IP Address,167.96.100.217,100,387,True,2018-03-07 15:15:45,R_1MJncmZF8YOOrqp,,,,,30.404998779297,-91.186798095703,anonymous,EN,12,Different,I'm totally sure,Same,I'm totally sure,Different,I'm totally sure,Same,I'm totally sure,Different,I'm totally sure,Same,I think so,Same,I think so,Same,I think so,Same,I think so,Different,I think so,Same,I think so,Different,I think so,Same,I think so,11,11,,,,1
2018-03-08 12:51:32,2018-03-08 12:57:46,IP Address,167.96.48.250,100,373,True,2018-03-08 12:57:46,R_3JfOXDwgmVEoxR3,,,,,30.404998779297,-91.186798095703,anonymous,EN,13,Different,I think so,Same,I think so,Different,I'm totally sure,Different,I think so,Different,I think so,Different,I think so,Same,I think so,Different,I'm guessing,Same,I think so,Different,I'm totally sure,Different,I think so,Same,I'm totally sure,Different,I'm totally sure,9,9,,,,1
2018-03-08 13:28:39,2018-03-08 13:35:09,IP Address,130.39.235.70,100,390,True,2018-03-08 13:35:10,R_3kLZTNNPaYA73Dk,,,,,30.404998779297,-91.186798095703,anonymous,EN,206,Different,I'm totally sure,Same,I'm totally sure,Different,I'm totally sure,Same,I'm totally sure,Different,I'm totally sure,Same,I'm totally sure,Same,I think so,Same,I'm totally sure,Different,I'm totally sure,Same,I'm guessing,Same,I think so,Same,I'm totally sure,Same,I think so,10,10,,,,1
2018-03-09 08:13:37,2018-03-09 08:19:36,IP Address,130.39.235.70,100,358,True,2018-03-09 08:19:36,R_1JKM4LuPCYGXvNB,,,,,30.404998779297,-91.186798095703,anonymous,EN,207,Same,I think so,Same,I think so,Same,I think so,Different,I think so,Same,I'm totally sure,Different,I think so,Different,I think so,Different,I think so,Different,I think so,Different,I think so,Different,I think so,Different,I'm guessing,Different,I think so,3,3,,,,1
2018-03-09 11:35:11,2018-03-09 11:43:34,IP Address,167.96.74.47,100,503,True,2018-03-09 11:43:35,R_1NenZ3rWo4IMtHO,,,,,30.404998779297,-91.186798095703,anonymous,EN,14,Same,I think so,Different,I think so,Different,I'm totally sure,Different,I'm totally sure,Different,I'm totally sure,Same,I'm totally sure,Same,I think so,Different,I'm totally sure,Same,I'm totally sure,Same,I think so,Same,I think so,Same,I think so,Same,I think so,7,7,,,,1
2018-03-09 13:58:39,2018-03-09 14:04:31,IP Address,167.96.74.47,100,352,True,2018-03-09 14:04:31,R_28LPoH2C5q8Xkdt,,,,,30.404998779297,-91.186798095703,anonymous,EN,15,Different,I'm totally sure,Same,I think so,Different,I think so,Different,I think so,Same,I think so,Same,I think so,Same,I think so,Different,I think so,Same,I think so,Different,I'm totally sure,Different,I'm guessing,Same,I think so,Different,I'm totally sure,9,9,,,,1
2018-03-12 16:10:14,2018-03-12 16:17:31,IP Address,167.96.53.180,100,437,True,2018-03-12 16:17:31,R_3mbNCp7sZU5qB8t,,,,,30.404998779297,-91.186798095703,anonymous,EN,16,Same,I'm guessing,Same,I'm totally sure,Different,I think so,Same,I'm totally sure,Different,I'm totally sure,Different,I'm totally sure,Same,I think so,Same,I think so,Different,I'm totally sure,Different,I think so,Same,I think so,Same,I'm totally sure,Different,I'm totally sure,10,10,,,,1
2018-03-13 10:00:30,2018-03-13 10:08:52,IP Address,167.96.36.233,100,502,True,2018-03-13 10:08:53,R_7X3UoItdKBGolfH,,,,,30.404998779297,-91.186798095703,anonymous,EN,17,Different,I'm guessing,Same,I think so,Different,I'm guessing,Same,I think so,Same,I think so,Different,I'm guessing,Same,I think so,Same,I think so,Same,I think so,Different,I think so,Same,I think so,Different,I'm guessing,Different,I'm guessing,10,10,,,,1
2018-03-13 12:35:46,2018-03-13 12:42:44,IP Address,167.96.36.233,100,418,True,2018-03-13 12:42:44,R_3PtM4MTQGpijBMU,,,,,30.404998779297,-91.186798095703,anonymous,EN,18,Different,I think so,Same,I think so,Different,I'm totally sure,Different,I'm guessing,Different,I'm totally sure,Different,I'm totally sure,Same,I'm totally sure,Same,I'm totally sure,Same,I'm guessing,Different,I'm totally sure,Different,I think so,Same,I think so,Different,I'm totally sure,10,10,,,,1
2018-03-13 13:45:37,2018-03-13 13:52:27,IP Address,130.39.235.118,100,410,True,2018-03-13 13:52:27,R_1PRvAu7Lx8fVmqH,,,,,30.404998779297,-91.186798095703,anonymous,EN,208,Same,I'm guessing,Same,I'm totally sure,Different,I'm totally sure,Same,I'm totally sure,Same,I think so,Same,I think so,Same,I'm totally sure,Different,I'm totally sure,Different,I'm totally sure,Different,I'm totally sure,Different,I think so,Different,I'm guessing,Same,I'm totally sure,6,6,,,,1
2018-03-13 13:59:10,2018-03-13 14:04:51,IP Address,167.96.36.233,100,340,True,2018-03-13 14:04:51,R_33EGSiQPcJT2HFU,,,,,30.404998779297,-91.186798095703,anonymous,EN,19,Different,I'm totally sure,Same,I think so,Different,I'm totally sure,Different,I'm totally sure,Different,I'm totally sure,Different,I'm totally sure,Same,I'm totally sure,Different,I'm totally sure,Same,I'm totally sure,Different,I'm totally sure,Same,I'm totally sure,Same,I'm totally sure,Different,I'm totally sure,10,10,,,,1
2018-03-14 14:34:23,2018-03-14 14:41:14,IP Address,130.39.235.118,100,410,True,2018-03-14 14:41:14,R_2q1K0TSoy9o3YCt,,,,,30.404998779297,-91.186798095703,anonymous,EN,209,Different,I think so,Same,I think so,Same,I'm guessing,Same,I think so,Same,I think so,Different,I think so,Same,I think so,Same,I think so,Same,I'm guessing,Different,I think so,Different,I think so,Same,I think so,Different,I think so,9,9,,,,1
2018-03-14 15:07:19,2018-03-14 15:13:58,IP Address,167.96.121.129,100,399,True,2018-03-14 15:13:59,R_2bZcxXsUvMUyV46,,,,,30.404998779297,-91.186798095703,anonymous,EN,20,Different,I'm totally sure,Different,I think so,Different,I think so,Same,I'm totally sure,Different,I'm totally sure,Same,I'm totally sure,Same,I think so,Same,I think so,Different,I'm guessing,Different,I'm totally sure,Same,I think so,Same,I think so,Different,I'm totally sure,11,11,,,,1
2018-03-15 12:58:02,2018-03-15 13:04:28,IP Address,167.96.113.153,100,386,True,2018-03-15 13:04:29,R_e9CJ3ggrkjGoDEl,,,,,30.404998779297,-91.186798095703,anonymous,EN,21,Different,I think so,Different,I'm totally sure,Different,I'm totally sure,Different,I'm totally sure,Different,I'm guessing,Different,I think so,Same,I think so,Different,I think so,Same,I think so,Different,I'm totally sure,Same,I'm guessing,Same,I'm totally sure,Different,I'm totally sure,9,9,,,,1
2018-03-15 13:40:05,2018-03-15 13:46:58,IP Address,130.39.235.118,100,412,True,2018-03-15 13:46:58,R_2A07zaIHCwlIcmy,,,,,30.404998779297,-91.186798095703,anonymous,EN,210,Different,I think so,Same,I think so,Different,I think so,Same,I'm totally sure,Same,I'm totally sure,Same,I'm totally sure,Same,I'm totally sure,Same,I think so,Same,I think so,Different,I'm totally sure,Same,I think so,Same,I think so,Different,I'm guessing,12,12,,,,1
2018-03-15 15:02:19,2018-03-15 15:08:00,IP Address,130.39.235.118,100,340,True,2018-03-15 15:08:01,R_2Cj5w47QN4qymjX,,,,,30.404998779297,-91.186798095703,anonymous,EN,211,Same,I think so,Same,I'm totally sure,Same,I'm totally sure,Same,I think so,Different,I think so,Different,I'm totally sure,Same,I'm totally sure,Different,I'm totally sure,Same,I'm totally sure,Same,I think so,Different,I think so,Different,I think so,Same,I think so,5,5,,,,1
2018-03-15 15:33:00,2018-03-15 15:39:08,IP Address,167.96.113.153,100,368,True,2018-03-15 15:39:09,R_10rAq99UHy2U4bB,,,,,30.404998779297,-91.186798095703,anonymous,EN,22,Same,I'm guessing,Same,I'm totally sure,Different,I'm totally sure,Same,I'm totally sure,Different,I'm totally sure,Different,I think so,Same,I think so,Different,I think so,Same,I'm totally sure,Different,I'm totally sure,Same,I think so,Same,I think so,Different,I'm totally sure,10,10,,,,1
2018-03-16 09:18:06,2018-03-16 09:24:25,IP Address,130.39.235.118,100,378,True,2018-03-16 09:24:25,R_1MXxwtHSBAqk7rv,,,,,30.404998779297,-91.186798095703,anonymous,EN,212,Different,I'm guessing,Same,I think so,Same,I'm guessing,Different,I think so,Same,I'm totally sure,Same,I think so,Same,I'm totally sure,Same,I think so,Same,I'm guessing,Different,I think so,Same,I think so,Different,I think so,Different,I'm guessing,9,9,,,,1
2018-03-16 13:59:59,2018-03-16 14:06:38,IP Address,167.96.38.195,100,399,True,2018-03-16 14:06:39,R_1FJNRAXQ3SIdckS,,,,,30.404998779297,-91.186798095703,anonymous,EN,23,Different,I'm totally sure,Different,I'm totally sure,Different,I think so,Different,I'm totally sure,Same,I think so,Different,I think so,Same,I think so,Same,I think so,Same,I'm totally sure,Different,I'm totally sure,Same,I think so,Different,I think so,Different,I'm totally sure,8,8,,,,1
2018-03-19 13:05:27,2018-03-19 13:11:24,IP Address,167.96.108.202,100,357,True,2018-03-19 13:11:24,R_1QrOq2dl03b20CC,,,,,30.404998779297,-91.186798095703,anonymous,EN,24,Different,I'm totally sure,Same,I'm totally sure,Different,I'm totally sure,Same,I'm totally sure,Different,I'm totally sure,Different,I'm totally sure,Same,I'm totally sure,Same,I'm totally sure,Different,I'm totally sure,Different,I'm totally sure,Same,I think so,Same,I'm totally sure,Different,I'm totally sure,11,11,,,,1
2018-03-20 12:28:59,2018-03-20 12:35:03,IP Address,167.96.14.199,100,363,True,2018-03-20 12:35:03,R_31nNl2RdflKyRSk,,,,,30.404998779297,-91.186798095703,anonymous,EN,25,Different,I think so,Same,I'm totally sure,Different,I think so,Different,I think so,Different,I'm totally sure,Same,I'm guessing,Different,I'm totally sure,Same,I'm guessing,Same,I think so,Different,I'm totally sure,Same,I think so,Same,I think so,Different,I'm totally sure,11,11,,,,1
2018-03-20 15:05:12,2018-03-20 15:12:05,IP Address,130.39.235.118,100,413,True,2018-03-20 15:12:05,R_vNwzeVaGPHCwVbj,,,,,30.404998779297,-91.186798095703,anonymous,EN,213,Different,I think so,Same,I'm totally sure,Different,I'm totally sure,Same,I think so,Different,I think so,Different,I'm totally sure,Same,I'm totally sure,Different,I'm totally sure,Same,I think so,Same,I think so,Same,I think so,Same,I'm totally sure,Different,I think so,10,10,,,,1
2018-03-20 17:15:03,2018-03-20 17:21:13,IP Address,167.96.14.199,100,370,True,2018-03-20 17:21:13,R_3E42sx1jGdk4pLr,,,,,30.404998779297,-91.186798095703,anonymous,EN,26,Different,I think so,Different,I think so,Different,I think so,Different,I'm totally sure,Same,I think so,Different,I think so,Different,I'm totally sure,Different,I think so,Different,I think so,Different,I think so,Same,I think so,Different,I think so,Different,I think so,5,5,,,,1
2018-03-21 14:31:02,2018-03-21 14:38:28,IP Address,130.39.235.118,100,445,True,2018-03-21 14:38:29,R_1jTwFKjh8MoIeef,,,,,30.404998779297,-91.186798095703,anonymous,EN,215,Same,I'm guessing,Same,I think so,Different,I think so,Same,I'm totally sure,Different,I think so,Same,I think so,Different,I'm totally sure,Same,I think so,Same,I think so,Different,I think so,Same,I think so,Same,I'm totally sure,Different,I think so,11,11,,,,1
2018-03-21 15:15:36,2018-03-21 15:22:05,IP Address,167.96.17.186,100,388,True,2018-03-21 15:22:05,R_3FXP6Gl4dzsqd5X,,,,,30.404998779297,-91.186798095703,anonymous,EN,27,Same,I'm guessing,Same,I think so,Different,I think so,Same,I think so,Different,I think so,Same,I think so,Same,I think so,Same,I think so,Same,I'm guessing,Different,I think so,Same,I think so,Different,I'm guessing,Different,I think so,11,11,,,,1
2018-03-22 14:57:47,2018-03-22 15:04:32,IP Address,130.39.235.118,100,405,True,2018-03-22 15:04:33,R_1FF0uD311sZlzRL,,,,,30.404998779297,-91.186798095703,anonymous,EN,216,Different,I think so,Same,I think so,Different,I'm totally sure,Different,I think so,Different,I think so,Same,I think so,Same,I'm totally sure,Different,I think so,Same,I think so,Different,I'm totally sure,Different,I think so,Same,I'm totally sure,Different,I'm totally sure,10,10,,,,1
2018-03-23 07:53:03,2018-03-23 07:59:14,IP Address,130.39.235.118,100,370,True,2018-03-23 07:59:15,R_2XdssWFaVozgDyV,,,,,30.404998779297,-91.186798095703,anonymous,EN,217,Different,I'm totally sure,Different,I think so,Different,I'm totally sure,Same,I'm totally sure,Different,I think so,Different,I think so,Same,I think so,Different,I'm totally sure,Same,I think so,Same,I think so,Same,I think so,Same,I think so,Same,I think so,8,8,,,,1
2018-03-23 08:33:54,2018-03-23 08:39:41,IP Address,167.96.47.66,100,347,True,2018-03-23 08:39:42,R_3flSdPnIUwEceAa,,,,,30.404998779297,-91.186798095703,anonymous,EN,28,Different,I think so,Same,I think so,Different,I think so,Same,I think so,Different,I think so,Different,I think so,Different,I think so,Different,I'm totally sure,Same,I think so,Different,I'm totally sure,Same,I think so,Same,I think so,Different,I'm totally sure,10,10,,,,1
2018-03-23 09:56:13,2018-03-23 10:02:33,IP Address,130.39.235.118,100,379,True,2018-03-23 10:02:33,R_2akuYCLikoJoPM9,,,,,30.404998779297,-91.186798095703,anonymous,EN,218,Different,I'm totally sure,Same,I'm totally sure,Different,I think so,Same,I think so,Different,I'm totally sure,Different,I'm totally sure,Same,I'm totally sure,Same,I'm totally sure,Different,I'm totally sure,Different,I think so,Different,I'm totally sure,Different,I'm totally sure,Different,I think so,9,9,,,,1
2018-03-23 11:23:38,2018-03-23 11:29:44,IP Address,167.96.79.200,100,365,True,2018-03-23 11:29:44,R_3fE3E7JJfwY5o1M,,,,,30.404998779297,-91.186798095703,anonymous,EN,29,Different,I think so,Same,I'm totally sure,Different,I think so,Same,I'm guessing,Different,I think so,Different,I think so,Different,I'm totally sure,Different,I think so,Same,I think so,Different,I'm totally sure,Same,I think so,Different,I think so,Different,I think so,9,9,,,,1
2018-03-23 13:59:38,2018-03-23 14:04:38,IP Address,167.96.79.200,100,299,True,2018-03-23 14:04:38,R_UavMbl27DkifYxb,,,,,30.404998779297,-91.186798095703,anonymous,EN,30,Different,I'm totally sure,Same,I'm totally sure,Different,I'm totally sure,Same,I think so,Different,I'm totally sure,Same,I think so,Same,I'm totally sure,Different,I'm totally sure,Same,I think so,Different,I'm totally sure,Same,I'm totally sure,Different,I think so,Same,I'm totally sure,10,10,,,,1
2018-04-03 09:33:00,2018-04-03 09:39:35,IP Address,167.96.17.184,100,395,True,2018-04-03 09:39:36,R_3qJQdBxaRmEKjfM,,,,,30.404998779297,-91.186798095703,anonymous,EN,31,Different,I think so,Different,I think so,Different,I think so,Same,I'm totally sure,Different,I'm totally sure,Same,I'm totally sure,Different,I'm totally sure,Different,I think so,Different,I'm totally sure,Different,I think so,Different,I think so,Different,I think so,Different,I'm totally sure,7,7,,,,1
2018-04-03 12:35:13,2018-04-03 12:41:14,IP Address,167.96.17.184,100,361,True,2018-04-03 12:41:15,R_SJD3Id9irTMqCUF,,,,,30.404998779297,-91.186798095703,anonymous,EN,32,Different,I think so,Same,I think so,Different,I think so,Same,I'm totally sure,Different,I'm totally sure,Same,I think so,Same,I think so,Different,I think so,Same,I think so,Different,I'm totally sure,Same,I think so,Different,I think so,Different,I think so,11,11,,,,1
2018-04-03 13:54:28,2018-04-03 14:00:05,IP Address,167.96.17.184,100,336,True,2018-04-03 14:00:05,R_8APFIm79wJsiPzb,,,,,30.404998779297,-91.186798095703,anonymous,EN,33,Different,I'm totally sure,Different,I think so,Different,I'm totally sure,Same,I'm totally sure,Different,I'm totally sure,Different,I think so,Same,I'm totally sure,Different,I'm totally sure,Same,I think so,Different,I'm totally sure,Different,I think so,Different,I think so,Different,I'm totally sure,8,8,,,,1
2018-04-04 13:08:12,2018-04-04 13:14:33,IP Address,130.39.235.75,100,381,True,2018-04-04 13:14:33,R_bxXBVz8Qa6yH7Ed,,,,,30.404998779297,-91.186798095703,anonymous,EN,219,Different,I think so,Different,I think so,Different,I'm totally sure,Different,I think so,Same,I think so,Same,I'm totally sure,Same,I think so,Different,I think so,Same,I'm guessing,Different,I think so,Different,I think so,Same,I think so,Same,I think so,7,7,,,,1
2018-04-04 15:15:20,2018-04-04 15:21:54,IP Address,167.96.94.112,100,394,True,2018-04-04 15:21:54,R_3NU8r8tRR7M3gKf,,,,,30.404998779297,-91.186798095703,anonymous,EN,34,Different,I think so,Same,I'm guessing,Different,I'm totally sure,Same,I think so,Different,I'm totally sure,Different,I think so,Same,I think so,Different,I'm totally sure,Same,I think so,Different,I think so,Same,I think so,Same,I think so,Different,I'm guessing,11,11,,,,1
2018-04-05 12:56:27,2018-04-05 13:02:41,IP Address,167.96.41.120,100,374,True,2018-04-05 13:02:41,R_1GVzQimHRJLmFrg,,,,,30.404998779297,-91.186798095703,anonymous,EN,35,Different,I think so,Different,I think so,Same,I think so,Different,I'm totally sure,Different,I'm totally sure,Different,I think so,Same,I think so,Different,I think so,Same,I think so,Different,I'm totally sure,Different,I think so,Different,I'm totally sure,Different,I think so,6,6,,,,1
2018-04-05 13:29:48,2018-04-05 13:36:49,IP Address,130.39.235.75,100,421,True,2018-04-05 13:36:49,R_3F3wtI7u5lXhusP,,,,,30.404998779297,-91.186798095703,anonymous,EN,220,Different,I think so,Same,I think so,Same,I think so,Different,I think so,Different,I think so,Same,I think so,Same,I think so,Different,I'm totally sure,Same,I think so,Different,I think so,Same,I'm guessing,Same,I think so,Same,I think so,9,9,,,,1
2018-04-05 15:01:56,2018-04-05 15:08:09,IP Address,130.39.235.75,100,372,True,2018-04-05 15:08:09,R_22n183VaozHNiqg,,,,,30.404998779297,-91.186798095703,anonymous,EN,221,Same,I think so,Different,I'm totally sure,Same,I'm totally sure,Same,I think so,Same,I'm totally sure,Different,I'm totally sure,Same,I'm totally sure,Different,I'm totally sure,Different,I think so,Different,I'm guessing,Same,I think so,Same,I'm totally sure,Same,I'm guessing,5,5,,,,1
2018-04-06 07:58:28,2018-04-06 08:04:34,IP Address,130.39.235.75,100,366,True,2018-04-06 08:04:35,R_1IL8g0IgzB3tOkP,,,,,30.404998779297,-91.186798095703,anonymous,EN,222,Same,I think so,Different,I'm totally sure,Different,I think so,Different,I think so,Different,I think so,Same,I think so,Same,I'm totally sure,Same,I'm guessing,Same,I think so,Different,I'm totally sure,Same,I think so,Different,I'm guessing,Different,I think so,9,9,,,,1
2018-04-06 08:32:37,2018-04-06 08:39:31,IP Address,167.96.39.109,100,414,True,2018-04-06 08:39:32,R_3KOau3pKCrFfBYN,,,,,30.404998779297,-91.186798095703,anonymous,EN,36,Different,I'm totally sure,Same,I think so,Different,I'm guessing,Same,I'm totally sure,Different,I'm totally sure,Different,I think so,Same,I think so,Different,I think so,Same,I think so,Different,I'm totally sure,Same,I think so,Same,I think so,Same,I think so,10,10,,,,1
2018-04-06 14:11:42,2018-04-06 14:17:04,IP Address,167.96.39.109,100,322,True,2018-04-06 14:17:05,R_3I5kqcYZLbXnRuh,,,,,30.404998779297,-91.186798095703,anonymous,EN,37,Different,I'm totally sure,Same,I'm totally sure,Different,I think so,Same,I'm totally sure,Different,I'm totally sure,Different,I think so,Different,I'm totally sure,Different,I'm totally sure,Same,I think so,Different,I'm totally sure,Same,I'm totally sure,Different,I think so,Different,I'm totally sure,9,9,,,,1
2018-04-07 10:56:57,2018-04-07 11:03:19,IP Address,167.96.82.224,100,381,True,2018-04-07 11:03:19,R_3KBM7Ryl4TXtFYP,,,,,30.404998779297,-91.186798095703,anonymous,EN,38,Different,I'm totally sure,Same,I think so,Different,I think so,Different,I'm totally sure,Different,I'm totally sure,Same,I think so,Different,I think so,Same,I'm totally sure,Same,I'm totally sure,Different,I'm totally sure,Same,I think so,Different,I think so,Different,I'm totally sure,10,10,,,,1
2018-04-07 11:45:10,2018-04-07 11:50:18,IP Address,167.96.82.224,100,307,True,2018-04-07 11:50:18,R_31FVtE18dOBT1dT,,,,,30.404998779297,-91.186798095703,anonymous,EN,39,Different,I'm totally sure,Same,I'm totally sure,Different,I'm totally sure,Same,I'm totally sure,Different,I'm totally sure,Same,I'm totally sure,Same,I'm totally sure,Same,I think so,Different,I'm totally sure,Different,I'm totally sure,Different,I'm guessing,Same,I'm totally sure,Different,I think so,11,11,,,,1
2018-04-07 13:05:05,2018-04-07 13:11:55,IP Address,167.96.82.224,100,409,True,2018-04-07 13:11:55,R_Df8rhEMZF3NlFVD,,,,,30.404998779297,-91.186798095703,anonymous,EN,40,Different,I'm totally sure,Different,I think so,Different,I think so,Different,I think so,Different,I'm totally sure,Different,I think so,Different,I think so,Same,I'm totally sure,Same,I think so,Different,I'm totally sure,Different,I think so,Same,I'm guessing,Different,I'm totally sure,8,8,,,,1
2018-04-10 15:05:41,2018-04-10 15:12:16,IP Address,130.39.235.91,100,395,True,2018-04-10 15:12:16,R_1MWzwJdSvgR1n7J,,,,,30.404998779297,-91.186798095703,anonymous,EN,223,Different,I think so,Different,I'm guessing,Same,I think so,Same,I'm totally sure,Same,I'm guessing,Same,I think so,Different,I think so,Different,I think so,Same,I think so,Different,I think so,Different,I'm totally sure,Same,I think so,Same,I think so,6,6,,,,1
2018-04-11 12:59:50,2018-04-11 13:06:10,IP Address,130.39.235.91,100,379,True,2018-04-11 13:06:10,R_3Ge0mIn35QN7SfJ,,,,,30.404998779297,-91.186798095703,anonymous,EN,224,Same,I'm totally sure,Different,I'm totally sure,Same,I think so,Same,I'm totally sure,Same,I think so,Same,I'm totally sure,Different,I'm guessing,Different,I'm totally sure,Same,I think so,Different,I think so,Different,I think so,Same,I'm totally sure,Same,I'm totally sure,5,5,,,,1
2018-04-11 14:32:48,2018-04-11 14:39:22,IP Address,130.39.235.91,100,394,True,2018-04-11 14:39:23,R_23Ud32eAq4wGhzv,,,,,30.404998779297,-91.186798095703,anonymous,EN,225,Different,I'm totally sure,Same,I think so,Different,I'm totally sure,Same,I'm totally sure,Different,I'm totally sure,Same,I think so,Same,I think so,Same,I'm guessing,Same,I think so,Same,I'm totally sure,Different,I'm totally sure,Same,I think so,Different,I think so,11,11,,,,1
2018-04-13 07:56:10,2018-04-13 08:02:55,IP Address,130.39.235.91,100,404,True,2018-04-13 08:02:55,R_zcFYIRwhtJsP0pb,,,,,30.404998779297,-91.186798095703,anonymous,EN,226,Same,I think so,Different,I think so,Same,I think so,Different,I think so,Different,I'm guessing,Same,I think so,Same,I think so,Same,I'm totally sure,Same,I think so,Different,I think so,Different,I think so,Different,I think so,Same,I think so,6,6,,,,1
2018-04-17 13:38:28,2018-04-17 13:44:57,IP Address,130.39.235.84,100,389,True,2018-04-17 13:44:58,R_3OqvkZqZf5e4wUS,,,,,30.404998779297,-91.186798095703,anonymous,EN,227,Different,I think so,Same,I'm totally sure,Different,I think so,Same,I think so,Same,I'm guessing,Same,I'm totally sure,Same,I'm totally sure,Same,I'm totally sure,Same,I'm totally sure,Different,I think so,Same,I'm totally sure,Same,I think so,Different,I'm totally sure,12,12,,,,1
2018-04-17 13:57:49,2018-04-17 14:02:59,IP Address,167.96.58.93,100,310,True,2018-04-17 14:02:59,R_2y1LT0VQ1jlPWvE,,,,,30.404998779297,-91.186798095703,anonymous,EN,41,Different,I think so,Same,I think so,Different,I'm totally sure,Different,I think so,Different,I'm totally sure,Same,I think so,Same,I'm guessing,Different,I'm totally sure,Same,I think so,Different,I'm totally sure,Different,I think so,Same,I'm totally sure,Different,I'm totally sure,10,10,,,,1
2018-04-18 13:03:07,2018-04-18 13:10:06,IP Address,130.39.235.84,100,418,True,2018-04-18 13:10:06,R_UiluUCf5JWxK8JX,,,,,30.404998779297,-91.186798095703,anonymous,EN,228,Different,I'm totally sure,Different,I'm guessing,Same,I think so,Different,I think so,Same,I'm totally sure,Different,I'm totally sure,Same,I'm totally sure,Different,I'm totally sure,Different,I think so,Same,I think so,Different,I'm totally sure,Same,I think so,Same,I'm totally sure,3,3,,,,1
2018-04-18 14:28:18,2018-04-18 14:34:10,IP Address,130.39.235.84,100,352,True,2018-04-18 14:34:10,R_1mDyf0OnoIgPydt,,,,,30.404998779297,-91.186798095703,anonymous,EN,229,Different,I think so,Same,I'm totally sure,Different,I think so,Different,I think so,Different,I think so,Same,I think so,Same,I think so,Different,I think so,Same,I think so,Same,I'm guessing,Different,I think so,Same,I think so,Same,I think so,8,8,,,,1
2018-04-19 13:30:14,2018-04-19 13:36:26,IP Address,130.39.235.84,100,371,True,2018-04-19 13:36:26,R_1DD52HZBFlWrxGv,,,,,30.404998779297,-91.186798095703,anonymous,EN,230,Same,I'm guessing,Same,I think so,Different,I'm totally sure,Same,I'm guessing,Different,I think so,Different,I'm totally sure,Different,I think so,Different,I think so,Different,I think so,Different,I'm totally sure,Same,I'm totally sure,Same,I'm totally sure,Different,I think so,8,8,,,,1
2018-04-24 14:25:24,2018-04-24 14:31:31,IP Address,167.96.61.97,100,367,True,2018-04-24 14:31:33,R_1jrflsJW8WwIl1f,,,,,30.404998779297,-91.186798095703,anonymous,EN,42,Different,I think so,Different,I'm guessing,Different,I'm totally sure,Same,I'm guessing,Different,I'm totally sure,Same,I think so,Same,I think so,Different,I think so,Same,I'm guessing,Different,I'm totally sure,Same,I'm guessing,Same,I think so,Different,I'm totally sure,11,11,,,,1
